<?xml version="1.0" encoding="UTF-8"?>
<project-private xmlns="http://www.netbeans.org/ns/project-private/1">
    <editor-bookmarks xmlns="http://www.netbeans.org/ns/editor-bookmarks/2" lastBookmarkId="0"/>
    <open-files xmlns="http://www.netbeans.org/ns/projectui-open-files/2">
        <group>
            <file>file:/C:/Users/Rubix/Desktop/DAM/LDM/Equipo2/public_html/Pagina/XSLT.xsl</file>
            <file>file:/C:/Users/Rubix/Desktop/DAM/LDM/Equipo2/public_html/Pagina/Modulo1.xsl</file>
            <file>file:/C:/Users/Rubix/Desktop/DAM/LDM/Equipo2/public_html/Pagina/ciclo.xsl</file>
            <file>file:/C:/Users/Rubix/Desktop/DAM/LDM/Equipo2/public_html/Pagina/XML%20FINAL.xml</file>
        </group>
    </open-files>
</project-private>
