<?xml version='1.0' encoding='UTF-8' ?>
<schemas xmlns='http://xml.netbeans.org/schema/JAXBWizConfig' destdir='build/generated-sources/jaxb' projectName='JanAndy' version='1.0'>
	<schema type='-xmlschema' package='Competiciones' name='CompeticionesBinding'>
		<xjc-options>
		</xjc-options>
		<schema-sources>
			<schema-source location='xml-resources/jaxb/CompeticionesBinding/competicionesEsquema.xsd' origLocation='ContenidoProporcionado/competicionesEsquema.xsd'/>
		</schema-sources>
		<bindings>
		</bindings>
		<catalog/>
	</schema>
</schemas>
