<?xml version="1.0" encoding="UTF-8" standalone="no"?>
<Libros xmlns:xsi="http://www.w3.org/2001/XMLSchema-instance" xsi:noNamespaceSchemaLocation="LibrosEsquema.xsd">
	<Libro publicado_en="1840">
		<Titulo>El Capote</Titulo>
		<Autor>Nikolai Gogol</Autor>
	</Libro>
	<Libro publicado_en="2008">
		<Titulo>El sanador de caballos</Titulo>
		<Autor>Gonzalo Giner</Autor>
	</Libro>
	<Libro publicado_en="1981">
		<Titulo>El Nombre de la Rosa</Titulo>
		<Autor>Umberto Eco</Autor>
	</Libro>
	<Libro publicado_en="1967">
		<Titulo>Cien años de soledad</Titulo>
		<Autor>Gabriel García Márquez</Autor>
	</Libro><Libro publicado_en="1967">
		<Titulo>Cien años de soledad</Titulo>
		<Autor>Gabriel García Márquez</Autor>
	</Libro>
</Libros>